item_id,tagger_label,rule_ids,basis,source,variant_group
HD001,read_only,N-READ,name_rule,external,
HD002,state_changing,DEFAULT-UNKNOWN,default_unknown,synthetic,SG2
HD003,state_changing,N-CHANGE|D-DESC-CHANGE,name_rule,external,
HD004,read_only,N-READ,name_rule,external,
HD005,read_only,D-DESC-READ,name_rule,synthetic,
HD006,irreversible,A-ACTION-IRREV,argument_rule,synthetic,SG3
HD007,irreversible,A-ACTION-IRREV,argument_rule,synthetic,SG2
HD008,read_only,N-READ|D-DESC-READ,name_rule,inert,
HD009,read_only,D-DESC-READ,name_rule,synthetic,
HD010,irreversible,N-SEND|N-SEND-NOUN|D-DESC-SEND,name_rule,inert,
HD011,state_changing,DEFAULT-UNKNOWN,default_unknown,external,V3
HD012,state_changing,N-CHANGE|D-DESC-CHANGE,name_rule,external,V2
HD013,read_only,N-READ|D-DESC-READ,name_rule,external,
HD014,read_only,N-READ,name_rule,external,
HD015,read_only,N-READ|D-DESC-READ,name_rule,inert,
HD016,read_only,D-DESC-READ,name_rule,synthetic,
HD017,read_only,N-READ|D-DESC-READ,name_rule,external,
HD018,irreversible,N-SEND|D-DESC-SEND,name_rule,external,
HD019,state_changing,DEFAULT-UNKNOWN,default_unknown,external,
HD020,irreversible,N-SEND|N-SEND-NOUN|D-DESC-SEND,name_rule,inert,
HD021,read_only,D-DESC-READ,name_rule,external,
HD022,state_changing,DEFAULT-UNKNOWN,default_unknown,synthetic,
HD023,state_changing,N-CHANGE|D-DESC-CHANGE,name_rule,external,
HD024,state_changing,DEFAULT-UNKNOWN,default_unknown,external,V5
HD025,state_changing,N-CHANGE|D-DESC-CHANGE,name_rule,external,V2
HD026,state_changing,N-CHANGE|D-DESC-CHANGE,name_rule,external,
HD027,state_changing,N-CHANGE|D-DESC-CHANGE,name_rule,inert,
HD028,irreversible,N-IRREV|D-DESC-IRREV,name_rule,inert,
HD029,read_only,N-READ|D-DESC-READ,name_rule,external,
HD030,state_changing,A-SHELL-OTHER|N-CHANGE-WEAK,argument_rule,external,V4
HD031,state_changing,DEFAULT-UNKNOWN,default_unknown,external,
HD032,state_changing,A-ACTION-CHANGE,argument_rule,synthetic,SG3
HD033,read_only,N-READ|D-DESC-READ,name_rule,inert,
HD034,irreversible,D-DESC-IRREV|D-DESC-PERMANENT,name_rule,synthetic,
HD035,irreversible,N-SEND|D-DESC-SEND,name_rule,external,
HD036,irreversible,N-SEND|D-DESC-SEND,name_rule,external,
HD037,state_changing,DEFAULT-UNKNOWN,default_unknown,external,V5
HD038,irreversible,N-SEND-NOUN|D-DESC-PAY,name_rule,inert,
HD039,state_changing,N-CHANGE|D-DESC-CHANGE,name_rule,external,
HD040,read_only,N-READ|D-DESC-READ,name_rule,external,
HD041,read_only,N-READ|D-DESC-READ,name_rule,external,
HD042,irreversible,N-SEND-NOUN|D-DESC-PAY,name_rule,inert,
HD043,state_changing,N-CHANGE|D-DESC-CHANGE,name_rule,inert,
HD044,state_changing,N-CHANGE|D-DESC-CHANGE|D-DESC-READ,name_rule,external,
HD045,state_changing,DEFAULT-UNKNOWN,default_unknown,external,
HD046,read_only,D-DESC-READ,name_rule,synthetic,
HD047,state_changing,D-DESC-CHANGE,name_rule,synthetic,
HD048,read_only,N-READ|D-DESC-READ,name_rule,external,
HD049,read_only,N-READ|D-DESC-READ,name_rule,external,
HD050,state_changing,DEFAULT-UNKNOWN,default_unknown,external,V3
HD051,state_changing,DEFAULT-UNKNOWN,default_unknown,external,
HD052,irreversible,A-SQL-DESTRUCT|N-READ|D-DESC-READ|D-DESC-READONLY,argument_rule,inert,
HD053,read_only,A-ACTION-READ,argument_rule,synthetic,SG1
HD054,read_only,D-DESC-READ,name_rule,external,
HD055,state_changing,DEFAULT-UNKNOWN,default_unknown,synthetic,SG1
HD056,read_only,N-READ|D-DESC-READ,name_rule,external,
HD057,read_only,A-SQL-READ|N-READ|D-DESC-READ|D-DESC-READONLY,argument_rule,inert,
HD058,irreversible,N-IRREV|D-DESC-IRREV,name_rule,external,
HD059,read_only,A-ACTION-READ,argument_rule,synthetic,SG3
HD060,state_changing,DEFAULT-UNKNOWN,default_unknown,synthetic,SG2
HD061,irreversible,D-DESC-IRREV|D-DESC-CHANGE,name_rule,synthetic,
HD062,irreversible,D-DESC-SEND,name_rule,synthetic,
HD063,read_only,A-SHELL-READ|N-EXEC|D-DESC-READ,argument_rule,external,V1
HD064,irreversible,D-DESC-IRREV,name_rule,synthetic,
HD065,read_only,N-READ|D-DESC-READ,name_rule,inert,
HD066,read_only,N-READ|D-DESC-READ,name_rule,external,
HD067,state_changing,DEFAULT-UNKNOWN,default_unknown,external,V5
HD068,read_only,D-DESC-READ,name_rule,external,
HD069,read_only,N-READ|D-DESC-READ,name_rule,external,
HD070,state_changing,N-CHANGE|D-DESC-CHANGE,name_rule,external,V2
HD071,irreversible,D-DESC-SEND,name_rule,synthetic,
HD072,state_changing,D-DESC-CHANGE,name_rule,synthetic,
HD073,read_only,D-DESC-READ,name_rule,external,
HD074,state_changing,DEFAULT-UNKNOWN,default_unknown,synthetic,
HD075,read_only,N-READ|D-DESC-READ,name_rule,external,
HD076,read_only,D-DESC-READ,name_rule,external,
HD077,irreversible,A-ACTION-IRREV|N-SEND-NOUN,argument_rule,synthetic,SG4
HD078,read_only,D-DESC-READ,name_rule,external,
HD079,read_only,A-ACTION-READ|N-SEND-NOUN,argument_rule,synthetic,SG4
HD080,state_changing,A-SHELL-EDIT|N-EXEC|D-DESC-READ,argument_rule,external,V1
HD081,state_changing,N-CHANGE|D-DESC-CHANGE,name_rule,external,
HD082,state_changing,N-HANDOFF,name_rule,external,
HD083,state_changing,D-DESC-CHANGE,name_rule,synthetic,
HD084,read_only,N-READ|D-DESC-READ,name_rule,inert,
HD085,irreversible,D-DESC-IRREV,name_rule,synthetic,
HD086,irreversible,N-IRREV|D-DESC-IRREV,name_rule,inert,
HD087,irreversible,A-ACTION-IRREV,argument_rule,synthetic,SG1
HD088,state_changing,A-SQL-WRITE|N-READ|D-DESC-READ|D-DESC-READONLY,argument_rule,inert,
HD089,irreversible,N-SEND|D-DESC-SEND,name_rule,external,
HD090,state_changing,DEFAULT-UNKNOWN,default_unknown,external,V3
HD091,state_changing,D-DESC-CHANGE,name_rule,external,
HD092,irreversible,A-SHELL-IRREV|N-EXEC|D-DESC-READ,argument_rule,external,V1
HD093,read_only,A-SQL-READ|N-READ|D-DESC-READ|D-DESC-READONLY,argument_rule,inert,
HD094,state_changing,D-DESC-CHANGE,name_rule,synthetic,
HD095,state_changing,D-DESC-CHANGE,name_rule,external,
HD096,state_changing,A-SHELL-OTHER|N-CHANGE-WEAK,argument_rule,external,V4
HD097,read_only,N-READ|D-DESC-READ,name_rule,inert,
HD098,read_only,N-READ|D-DESC-READ,name_rule,external,
HD099,read_only,D-DESC-READ,name_rule,synthetic,
HD100,read_only,N-READ|D-DESC-READ,name_rule,external,
