item_id,pool_id
HD001,C048
HD002,C094
HD003,C027
HD004,C103
HD005,C080
HD006,C099
HD007,C096
HD008,C064
HD009,C076
HD010,C060
HD011,C014
HD012,C008
HD013,C052
HD014,C047
HD015,C068
HD016,C088
HD017,C026
HD018,C022
HD019,C023
HD020,C061
HD021,C018
HD022,C081
HD023,C028
HD024,C034
HD025,C006
HD026,C030
HD027,C056
HD028,C058
HD029,C010
HD030,C019
HD031,C011
HD032,C098
HD033,C065
HD034,C075
HD035,C041
HD036,C037
HD037,C033
HD038,C062
HD039,C044
HD040,C045
HD041,C046
HD042,C063
HD043,C057
HD044,C004
HD045,C043
HD046,C083
HD047,C090
HD048,C005
HD049,C017
HD050,C016
HD051,C024
HD052,C071
HD053,C091
HD054,C053
HD055,C092
HD056,C009
HD057,C069
HD058,C032
HD059,C097
HD060,C095
HD061,C089
HD062,C077
HD063,C001
HD064,C085
HD065,C066
HD066,C042
HD067,C035
HD068,C021
HD069,C029
HD070,C007
HD071,C082
HD072,C078
HD073,C104
HD074,C086
HD075,C102
HD076,C050
HD077,C101
HD078,C049
HD079,C100
HD080,C002
HD081,C031
HD082,C051
HD083,C079
HD084,C055
HD085,C087
HD086,C059
HD087,C093
HD088,C072
HD089,C039
HD090,C015
HD091,C012
HD092,C003
HD093,C070
HD094,C074
HD095,C013
HD096,C020
HD097,C054
HD098,C040
HD099,C073
HD100,C038
